"term","estimate","std.error","statistic","p.value","model"
"pm25",-0.000409139801153202,0.00371900708844306,-0.110013181320524,0.912963087233213,"m_mh_lag0"
"pm25",-0.000209309985259479,0.00373752375190671,-0.056002315745204,0.955641291559004,"m_mh_lag01"
"pm25_lag1",0.00245781421229249,0.00367082280016783,0.669554033548042,0.507299163083176,"m_mh_lag01"
"pm25",0.0161135695376216,0.0182691085633184,0.882011811456154,0.383174466532652,"m_su_lag0"
"pm25",0.0207010616671684,0.0185546386821426,1.11568120629003,0.271752456418772,"m_su_lag01"
"pm25_lag1",0.0242528403693587,0.0185582374275415,1.30685041960753,0.19932798360335,"m_su_lag01"
"pm25",-0.000741228170060901,0.00400875944184818,-0.184902132645597,0.854373091957583,"m_mh_lag012"
"pm25_lag1",0.00246679986187391,0.00376901136985627,0.654495203066469,0.517070963323118,"m_mh_lag012"
"pm25_lag2",-0.000658609732709877,0.0036059843869724,-0.182643534200892,0.856131573537429,"m_mh_lag012"
